scope,density,threaded,offset,implementation,grouping,n,p50_ms,p95_ms,rows,total
perf,90,False,0,main,False,30,1.3840840000011667,1.9043750000000728,50,84000
perf,90,False,0,revision-off,False,30,1.2770829999972193,1.6494999999995343,50,84000
perf,90,False,0,previous-B,True,30,21.98541699999987,34.872041999999055,50,8406
perf,90,False,0,revision-on,True,30,16.46233299999949,17.975000000000364,50,8406
perf,90,False,6700,main,False,30,6.825334000001021,7.655124999997497,50,84000
perf,90,False,6700,revision-off,False,30,6.625792000002548,7.8026669999999285,50,84000
perf,90,False,6700,previous-B,True,30,50.625708000003215,54.57229200000074,50,8406
perf,90,False,6700,revision-on,True,30,15.976584000000003,18.266374999999243,50,8406
perf,90,True,0,main,False,30,25.42766599999959,30.233666000000085,50,28000
perf,90,True,0,revision-off,False,30,25.72808399999849,32.0134590000016,50,28000
perf,90,True,0,previous-B,True,30,135.57716599999912,163.2621250000011,50,2806
perf,90,True,0,revision-on,True,30,82.61879100000078,98.6872919999987,50,2806
perf,90,True,2200,main,False,30,26.245208000000275,31.603125000001455,50,28000
perf,90,True,2200,revision-off,False,30,27.15995799999655,37.00637500000448,50,28000
perf,90,True,2200,previous-B,True,30,136.92608299999847,146.53108399999473,50,2806
perf,90,True,2200,revision-on,True,30,83.21020800000042,92.67450000000099,50,2806
perf,99.9,False,0,main,False,30,1.249667000003683,1.4584170000016456,50,84000
perf,99.9,False,0,revision-off,False,30,1.1534170000013546,2.297207999996317,50,84000
perf,99.9,False,0,previous-B,True,30,43.43675000000076,50.591583000001265,50,90
perf,99.9,False,0,revision-on,True,30,15.463042000003043,17.540084000000206,50,90
perf,99.9,False,50,main,False,30,1.1877909999966505,2.7325000000055297,50,84000
perf,99.9,False,50,revision-off,False,30,1.0668750000040745,1.6642910000009579,50,84000
perf,99.9,False,50,previous-B,True,30,56.56304100000125,66.96166700000322,40,90
perf,99.9,False,50,revision-on,True,30,14.855374999999185,16.48270799999591,40,90
perf,99.9,True,0,main,False,30,25.246624999999767,29.0057500000039,50,28000
perf,99.9,True,0,revision-off,False,30,25.830165999999736,30.36604200000147,50,28000
perf,99.9,True,0,previous-B,True,30,135.81908299999486,156.32862500000192,34,34
perf,99.9,True,0,revision-on,True,30,82.52737499999785,94.89241700000275,34,34
primary,90,False,0,main,False,30,1.1395840000004682,1.9857499999998254,50,84000
primary,90,False,0,revision-off,False,30,1.1149999999997817,1.8224159999990661,50,84000
primary,90,False,0,previous-B,True,30,25.529082999999446,27.815624999999272,50,5606
primary,90,False,0,revision-on,True,30,15.713458000000173,17.944750000000568,50,5606
primary,90,False,4450,main,False,30,5.217624999999316,7.567915999999968,50,84000
primary,90,False,4450,revision-off,False,30,5.011624999999185,7.124750000000859,50,84000
primary,90,False,4450,previous-B,True,30,50.85333300000093,55.366957999998704,50,5606
primary,90,False,4450,revision-on,True,30,17.365458000000217,19.033792000000176,50,5606
primary,90,True,0,main,False,30,23.85900000000038,25.777541999999812,50,28000
primary,90,True,0,revision-off,False,30,24.121374999998807,28.915541999998823,50,28000
primary,90,True,0,previous-B,True,30,144.69137499999852,150.67720799999915,50,2806
primary,90,True,0,revision-on,True,30,78.73908400000073,83.5303750000021,50,2806
primary,90,True,2200,main,False,30,24.506624999998166,27.387833000000683,50,28000
primary,90,True,2200,revision-off,False,30,24.482041999999637,28.01404199999888,50,28000
primary,90,True,2200,previous-B,True,30,144.60325000000012,151.65537499999846,50,2806
primary,90,True,2200,revision-on,True,30,79.69429200000013,94.39899999999761,50,2806
unread,90,False,0,main,False,30,1.2915410000005068,2.0150420000009035,50,21000
unread,90,False,0,revision-off,False,30,1.1871250000003783,3.0732499999994616,50,21000
unread,90,False,0,previous-B,True,30,15.000041999999667,16.70849999999882,50,1406
unread,90,False,0,revision-on,True,30,14.819750000000568,18.75120799999968,50,1406
unread,90,False,1100,main,False,30,2.7448329999988346,4.552958000000217,50,21000
unread,90,False,1100,revision-off,False,30,2.5422080000007554,4.452166999999463,50,21000
unread,90,False,1100,previous-B,True,30,29.532499999999345,34.90479200000118,50,1406
unread,90,False,1100,revision-on,True,30,16.36712499999885,20.632166999999754,50,1406
unread,90,True,0,main,False,30,17.711167000001296,19.20245900000009,50,21000
unread,90,True,0,revision-off,False,30,17.425708000002487,19.548749999999927,50,21000
unread,90,True,0,previous-B,True,30,94.85470899999927,122.46283299999959,50,1406
unread,90,True,0,revision-on,True,30,55.855209000001196,60.02745800000048,50,1406
unread,90,True,1100,main,False,30,18.68041599999924,25.943083000001934,50,21000
unread,90,True,1100,revision-off,False,30,18.51304099999834,22.868792000001122,50,21000
unread,90,True,1100,previous-B,True,30,95.05404199999975,105.22899999999936,50,1406
unread,90,True,1100,revision-on,True,30,56.574124999999185,65.84820899999977,50,1406
primary-unread,90,False,0,main,False,30,1.3063340000007884,1.596584000000803,50,21000
primary-unread,90,False,0,revision-off,False,30,1.2539159999996627,1.4185830000005808,50,21000
primary-unread,90,False,0,previous-B,True,30,12.68145899999945,17.643083999999362,50,1406
primary-unread,90,False,0,revision-on,True,30,15.448458000000755,16.906875000000582,50,1406
primary-unread,90,False,1100,main,False,30,2.845166999999492,3.370875000000524,50,21000
primary-unread,90,False,1100,revision-off,False,30,2.492791999999099,3.522041000000172,50,21000
primary-unread,90,False,1100,previous-B,True,30,24.918416000000434,28.561792000000423,50,1406
primary-unread,90,False,1100,revision-on,True,30,15.105290999999852,17.31025000000045,50,1406
primary-unread,90,True,0,main,False,30,16.299291999999696,19.595750000000407,50,14000
primary-unread,90,True,0,revision-off,False,30,16.247166999999536,19.408041999999114,50,14000
primary-unread,90,True,0,previous-B,True,30,81.95541599999888,86.71104100000048,50,1406
primary-unread,90,True,0,revision-on,True,30,44.70454199999949,56.1098750000001,50,1406
primary-unread,90,True,1100,main,False,30,16.625542000001587,18.126124999998865,50,14000
primary-unread,90,True,1100,revision-off,False,30,16.521749999999884,20.24708300000202,50,14000
primary-unread,90,True,1100,previous-B,True,30,78.52516699999978,82.81745900000169,50,1406
primary-unread,90,True,1100,revision-on,True,30,42.84754099999918,45.08399999999892,50,1406
member,90,False,0,previous-B,True,30,3.120249999999942,4.88537499999984,50,11199
member,90,False,0,revision-on,True,30,2.2014579999995476,3.285374999999476,50,11199
member,90,False,8950,previous-B,True,30,3.0249579999999696,3.890625,50,11199
member,90,False,8950,revision-on,True,30,2.6697079999994457,4.085417000000234,50,11199
member,90,True,0,previous-B,True,30,224.48929200000202,255.82641700000022,50,3733
member,90,True,0,revision-on,True,30,71.30462499999885,92.76766700000007,50,3733
member,90,True,2950,previous-B,True,30,226.8236250000009,240.49845800000185,50,3733
member,90,True,2950,revision-on,True,30,71.86933399999907,78.69541599999866,50,3733
multi,90,False,0,main,False,30,1.2557080000005953,2.00012500000048,50,84000
multi,90,False,0,revision-off,False,30,1.1241250000002765,2.415584000000308,50,84000
multi,90,False,0,previous-B,True,30,55.5401669999992,59.10974999999962,50,8406
multi,90,False,0,revision-on,True,30,14.379708999998911,16.259541999999783,50,8406
multi,90,False,6700,main,False,30,6.657333999999537,7.416124999999738,50,84000
multi,90,False,6700,revision-off,False,30,6.499625000000378,8.093375000000378,50,84000
multi,90,False,6700,previous-B,True,30,75.03204199999891,82.833499999997,50,8406
multi,90,False,6700,revision-on,True,30,15.141500000001543,18.26604099999895,50,8406
multi,90,True,0,main,False,30,38.24358300000313,40.27587499999936,50,28000
multi,90,True,0,revision-off,False,30,38.54266700000153,41.98987500000294,50,28000
multi,90,True,0,previous-B,True,30,130.4702499999985,139.09008299999914,50,2806
multi,90,True,0,revision-on,True,30,81.63104199999725,85.05179199999839,50,2806
multi,90,True,2200,main,False,30,38.78437499999927,40.236417000000074,50,28000
multi,90,True,2200,revision-off,False,30,38.385542000003625,43.84104099999968,50,28000
multi,90,True,2200,previous-B,True,30,130.3507910000044,139.38220799999544,50,2806
multi,90,True,2200,revision-on,True,30,80.97791700000016,96.08120800000324,50,2806
sparse,0,False,0,main,False,30,1.0745000000006257,1.8578750000015134,50,84000
sparse,0,False,0,revision-off,False,30,1.0632499999992433,1.4804579999999987,50,84000
sparse,0,False,0,previous-B,True,30,27.772084000000177,29.43262500000128,50,84000
sparse,0,False,0,revision-on,True,30,1.2319170000009763,1.7101669999992737,50,84000
sparse,0,False,67200,main,False,30,56.522124999999505,61.25537500000064,50,84000
sparse,0,False,67200,revision-off,False,30,56.181249999999636,60.75274999999965,50,84000
sparse,0,False,67200,previous-B,True,30,74.39683399999922,79.36033400000088,50,84000
sparse,0,False,67200,revision-on,True,30,56.022124999999505,60.430875000000015,50,84000
sparse,0,True,0,main,False,30,25.48662499999773,31.47320799999943,50,28000
sparse,0,True,0,revision-off,False,30,25.54462500000227,30.897000000000844,50,28000
sparse,0,True,0,previous-B,True,30,134.50700000000143,145.7251670000005,50,28000
sparse,0,True,0,revision-on,True,30,25.960542000000714,31.0568749999984,50,28000
sparse,0,True,22400,main,False,30,27.54933300000266,30.675500000001193,50,28000
sparse,0,True,22400,revision-off,False,30,27.047374999998283,29.389499999997497,50,28000
sparse,0,True,22400,previous-B,True,30,137.04670800000167,147.84341600000334,50,28000
sparse,0,True,22400,revision-on,True,30,27.25170900000012,28.573542000001908,50,28000
sparse,1,False,0,main,False,30,1.0094580000004498,1.6457919999957085,50,84000
sparse,1,False,0,revision-off,False,30,1.0007909999985714,1.8056670000005397,50,84000
sparse,1,False,0,previous-B,True,30,28.78299999999581,31.931499999998778,50,83166
sparse,1,False,0,revision-on,True,30,7.926749999998719,9.201750000000175,50,83166
sparse,1,False,66500,main,False,30,54.462375000002794,58.175208000000566,50,84000
sparse,1,False,66500,revision-off,False,30,55.08562499999971,57.9362919999985,50,84000
sparse,1,False,66500,previous-B,True,30,85.03304199999548,88.21841700000368,50,83166
sparse,1,False,66500,revision-on,True,30,71.88579100000061,78.66387499999837,50,83166
sparse,1,True,0,main,False,30,25.316584000000148,30.030542000000423,50,28000
sparse,1,True,0,revision-off,False,30,25.43470900000102,30.8627919999999,50,28000
sparse,1,True,0,previous-B,True,30,133.6917500000054,153.00483300000633,50,27726
sparse,1,True,0,revision-on,True,30,83.69008400000166,91.66704200000095,50,27726
sparse,1,True,22150,main,False,30,26.65916699999798,29.308957999994163,50,28000
sparse,1,True,22150,revision-off,False,30,27.04587499999616,34.380833000002895,50,28000
sparse,1,True,22150,previous-B,True,30,134.26024999999208,147.21704099999624,50,27726
sparse,1,True,22150,revision-on,True,30,83.74208300000464,93.25062500000058,50,27726
sparse,50,False,0,main,False,30,1.0262079999956768,1.584499999997206,50,84000
sparse,50,False,0,revision-off,False,30,1.0363750000105938,1.4402499999996508,50,84000
sparse,50,False,0,previous-B,True,30,31.07187500000873,34.030666999999085,50,42006
sparse,50,False,0,revision-on,True,30,10.575582999998005,11.861916999987443,50,42006
sparse,50,False,33600,main,False,30,28.616666000001715,32.55691700000898,50,84000
sparse,50,False,33600,revision-off,False,30,28.506292000005487,31.111083000010694,50,84000
sparse,50,False,33600,previous-B,True,30,63.60137500001292,67.98225000000093,50,42006
sparse,50,False,33600,revision-on,True,30,45.604458000001614,52.00062500000058,50,42006
sparse,50,True,0,main,False,30,25.358791999999085,28.492749999990338,50,28000
sparse,50,True,0,revision-off,False,30,25.395457999999053,30.98758299999463,50,28000
sparse,50,True,0,previous-B,True,30,136.46058300000732,152.60345799999777,50,14006
sparse,50,True,0,revision-on,True,30,83.71379200000956,89.63070899999002,50,14006
sparse,50,True,11200,main,False,30,26.935083000003942,31.260167000000365,50,28000
sparse,50,True,11200,revision-off,False,30,27.26449999999022,31.682124999992084,50,28000
sparse,50,True,11200,previous-B,True,30,134.41154200000165,139.43579200000386,50,14006
sparse,50,True,11200,revision-on,True,30,82.44637499999953,90.91704100000788,50,14006
